url,issue,status,solution
https://kevinfroger.nl/,Missing canonical,FIXED,Added self-referencing canonical
https://kevinfroger.nl/bruiloften,Missing structured data,FIXED,Added WebPage + Service schema
https://kevinfroger.nl/bedrijfsfeesten,Missing meta description,FIXED,Added SEO-optimized meta
https://kevinfroger.nl/festivals,Missing OG tags,FIXED,Added complete Open Graph
https://kevinfroger.nl/contact,Missing Twitter cards,FIXED,Added Twitter meta tags
https://kevinfroger.nl/prijzen,Missing hreflang,FIXED,Added nl-NL + x-default
/,Missing robots.txt,FIXED,Created comprehensive robots.txt
/,Missing sitemap,FIXED,Created XML sitemap with priorities
/,Console errors,FIXED,Removed unused event listeners
/images/*,Missing alt attributes,FIXED,Added descriptive alt texts
/,Missing 404 page,FIXED,Created SEO-optimized 404.html
/,HTTP redirects,FIXED,Force HTTPS + non-www canonical
/,Tracking parameters,FIXED,Strip utm_* gclid fbclid on server
/,Missing security headers,FIXED,Added HSTS + CSP + COOP/COEP