url,focuskeyword,varianten,title,meta_description,canonical
/,bruiloft DJ Nederland,DJ boeken;DJ huren;professionele DJ;live mixing DJ;allround DJ,DJ Kevin Froger - #1 Bruiloft DJ Nederland | 500+ Bruiloften | Live Mixing Specialist,🎵 #1 Bruiloft DJ Nederland ✨ 500+ bruiloften 15+ jaar ervaring. Live mixing specialist voor bruiloften bedrijfsfeesten & festivals. Boek direct! 📞 06-45251333,https://kevinfroger.nl/
/bruiloften,bruiloft DJ,trouw DJ;wedding DJ;ceremonie DJ;bruiloft entertainment,Bruiloft DJ Nederland | DJ Kevin Froger | 500+ Bruiloften | Live Mixing Specialist,💒 Bruiloft DJ Nederland ✨ 500+ bruiloften complete muzikale begeleiding ceremonie tot feestavond. Live mixing specialist zonder playlists. Boek nu! 📞 06-45251333,https://kevinfroger.nl/bruiloften
/bedrijfsfeesten,bedrijfsfeest DJ,corporate DJ;zakelijke DJ;personeelsfeest DJ;bedrijfsevenement DJ,Bedrijfsfeest DJ Nederland | Corporate Events | DJ Kevin Froger | 200+ Bedrijfsfeesten,🏢 Bedrijfsfeest DJ Nederland ✨ 200+ bedrijfsfeesten professionele corporate entertainment. Representatieve DJ & MC services. Boek nu! 📞 06-45251333,https://kevinfroger.nl/bedrijfsfeesten
/festivals,festival DJ,festival entertainment;crowd control DJ;power sets;festival performance,Festival DJ Nederland | High-Energy Sets | DJ Kevin Froger | 50+ Festivals,🎪 Festival DJ Nederland ✨ 50+ festivals high-energy power sets 60-90 min crowd control specialist. Ervaren festival DJ. Boek nu! 📞 06-45251333,https://kevinfroger.nl/festivals
/contact,DJ boeken contact,DJ huren;offerte aanvragen;DJ reserveren;DJ inhuren,Contact DJ Kevin Froger | DJ Boeken Nederland | Gratis Offerte Binnen 24u,📞 Contact DJ Kevin Froger ✨ Gratis offerte binnen 24u DJ boeken Nederland alle provincies. 15+ jaar ervaring 1000+ events. Bel 06-45251333!,https://kevinfroger.nl/contact
/prijzen,DJ prijzen Nederland,DJ tarieven;DJ kosten;DJ offerte;transparante prijzen,DJ Prijzen Nederland | Transparante Tarieven Vanaf €350 | DJ Kevin Froger,💰 DJ Prijzen Nederland ✨ Transparante tarieven vanaf €350 geen verborgen kosten. DJ inclusief apparatuur. Gratis offerte binnen 24u. Bel 06-45251333!,https://kevinfroger.nl/prijzen
/portfolio,DJ portfolio Nederland,DJ reviews;Google reviews;DJ ervaring;DJ referenties,DJ Portfolio Nederland | Google Reviews & Partners | DJ Kevin Froger,⭐ DJ Portfolio Nederland ✨ Google reviews partners en referenties. 15+ jaar ervaring 1000+ events. Bekijk portfolio en boek direct! 📞 06-45251333,https://kevinfroger.nl/portfolio
/evenementen,DJ evenementen Nederland,alle evenementen DJ;event DJ;entertainment DJ;DJ services,DJ Evenementen Nederland | Alle Events | DJ Kevin Froger | 1000+ Events,🎉 DJ Evenementen Nederland ✨ 1000+ events alle soorten evenementen. Van bruiloften tot festivals. Professionele DJ services. Boek nu! 📞 06-45251333,https://kevinfroger.nl/evenementen
/biografie,DJ Kevin Froger biografie,over Kevin Froger;DJ verhaal;DJ achtergrond;persoonlijk verhaal,DJ Kevin Froger Biografie | Het Verhaal Achter de DJ | Live Mixing Specialist,👨‍🎤 DJ Kevin Froger Biografie ✨ Het verhaal achter de live mixing specialist. 15+ jaar ervaring Hoeksche Waard naar heel Nederland. Lees meer!,https://kevinfroger.nl/biografie
/faq,DJ FAQ Nederland,veelgestelde vragen DJ;DJ informatie;DJ antwoorden;DJ hulp,DJ FAQ Nederland | Veelgestelde Vragen | DJ Kevin Froger | Alle Antwoorden,❓ DJ FAQ Nederland ✨ Alle antwoorden op veelgestelde vragen over DJ services. Van prijzen tot planning. Bekijk FAQ en boek direct! 📞 06-45251333,https://kevinfroger.nl/faq